snsNumber;name;age;phoneNumber;email
4492;Suzanne;40;1-195-158-4554 x8378;Antonetta.Kulas@yahoo.com
5894;Destiny;19;1-628-983-4606 x443;Giovanni_Skiles84@hotmail.com
770;Jade;84;378.657.8582;Lorna.Rodriguez15@hotmail.com
1753;Luella;47;1-031-009-5742 x664;Luella18@hotmail.com
3248;Makayla;67;1-014-777-3971 x26196;Carol_Koelpin@yahoo.com
6097;Lavinia;14;783-521-9031 x02360;Broderick89@gmail.com
3246;Annamae;63;1-154-346-9208;Ophelia97@yahoo.com
2438;Johnson;58;609.566.6390 x0697;Penelope53@hotmail.com
9720;Lela;44;640-505-1056;Elaina_Littel@gmail.com
9248;Rocio;52;896.810.0592;Hershel_Dare@hotmail.com
3367;Ernestine;48;326-556-5934 x45278;Breana_Welch@hotmail.com
193;Kamryn;34;(797) 784-2553 x31584;Berry84@gmail.com
8123;Clemens;50;(939) 156-6898;Reed.Strosin@yahoo.com
6024;Prudence;45;870-215-9151;Dayana45@yahoo.com
4059;Garrett;82;787-832-8822 x532;Sage_OKeefe@gmail.com
2871;Sophie;73;015.942.8250 x52025;Madisyn14@hotmail.com
1618;Laverne;12;871.912.4059;Kamron21@gmail.com
6143;Noemie;34;(563) 538-6128 x6559;Maynard2@gmail.com
1520;Lorenza;64;(478) 034-9553 x0595;Adam36@hotmail.com
9980;Danny;35;1-042-292-2814;Coty80@yahoo.com
5124;Dalton;44;(099) 461-9240;Rocky62@hotmail.com
8108;Kaelyn;67;(454) 101-3688 x65870;Delphine_Langosh@yahoo.com
1328;Devonte;92;868.453.0204 x23312;Fermin47@hotmail.com
1790;Maximillian;12;586-377-1794 x398;Kelli_Kshlerin82@yahoo.com
2142;Serena;60;1-284-619-4912 x095;Lenny.Cummings@yahoo.com
9477;Mariane;60;1-394-999-6471 x78316;Jazmyne72@hotmail.com
2616;Jade;42;(607) 546-6380 x4075;Margaretta83@gmail.com
198;Leo;91;746.550.4473 x780;Luciano.Wyman34@yahoo.com
4499;Abdul;42;603.919.4974 x705;Madisyn78@gmail.com
8496;Kristy;43;908-638-2549 x993;Jalon_Bartoletti44@yahoo.com
523;Jessika;50;514-984-7456;Brain.Greenholt@yahoo.com
8675;Dina;67;224-497-6870;Margaret.Medhurst@hotmail.com
1429;Marques;22;140.881.6038 x406;Alycia96@yahoo.com
1938;Amos;61;(249) 759-4865 x017;Earline14@hotmail.com
6631;Nels;72;697.407.9441;Jarrett15@yahoo.com
495;Derek;34;500.973.5066 x8477;Yvonne.Leannon4@yahoo.com
1314;Delpha;50;619-970-5318 x11047;Sherwood17@gmail.com
746;Makenna;38;828.218.4498 x579;Clement2@gmail.com
9127;Otis;36;(427) 501-3559 x761;Camille.Kessler@gmail.com
344;Turner;24;(967) 217-3944;Astrid_Bashirian35@gmail.com
956;Dixie;73;1-008-617-9133;Flavio12@yahoo.com
2340;Tyree;24;641-195-0864 x45481;Brady_Olson15@hotmail.com
69;Cleveland;99;(510) 322-3749 x8548;Elinore_Hackett55@hotmail.com
753;Ursula;84;676-956-1701;Dee.Jast56@hotmail.com
1670;Tyler;38;734-265-8637 x745;Devin28@hotmail.com
8202;Elvis;31;234.249.1401 x51364;Cooper.Will1@yahoo.com
5596;Elwyn;64;600.215.5939;Maybelle21@yahoo.com
781;Malika;93;1-481-395-6281 x5194;Mariela_Quitzon@yahoo.com
6452;Miles;37;1-484-331-0983 x7699;Delta30@hotmail.com
7841;Marilou;52;044.978.0921 x772;Izabella99@gmail.com
